Intervalo,oi,px,ei,errors
0-2,1,0.12465201948308113,0.49860807793232453,0.5041913090482246
3-4,0,0.3158412655821311,1.2633650623285244,1.2633650623285244
5-6,1,0.3216901779077261,1.2867607116309043,0.06390598111348778
7-8,1,0.1697229023052126,0.6788916092208503,0.1518807969170704
9-10,1,0.05439836612346557,0.21759346449386227,2.813319730106069
11-13,0,0.013695268598383548,0.05478107439353419,0.05478107439353419

Totales,4,1.0,Chi calculada,4.85144395390691
,,,Chi tablas,11.070497693516351