Intervalo,oi,px,ei,errors
0.0 - 1.785,0,0.013372377643485754,0.13372377643485753,0.13372377643485753
1.785 - 3.57,3,0.32006317161652564,3.2006317161652564,0.012576606464315139
3.57 - 5.354,7,0.6665644507399886,6.665644507399886,0.01677161080338996

Totales,10,1.0,Chi calculada,0.16307199370256262
,,,Chi tablas,5.991464547107979