Corrida,Datos,Media,Mediana,Moda,S,S^2,Intervalo de Confianza
1,1-10,3.3,3.0,1,2.1932,4.8100,[1.646234005227154-4.953765994772846]